evidence_id,source,source_type,url,date,original_quote,retrieval_scenario,remembered_information,forgotten_information,temporal_memory,location_memory,people_memory,object_memory,event_memory,context_memory,visual_memory,text_memory,search_attempt,search_strategy,search_outcome,failure_category,workaround,evidence_strength,duplicate_group,verification_status,researcher_interpretation
E01,r/googlephotos,reddit,https://www.reddit.com/r/googlephotos/comments/1ousytw/how_can_i_easily_find_photos_or_videos_that_i/,2025-11-12,"I just recently uploaded some old photos and videos from a while back, and I forgot the exact date of when they were taken. I was scrolling through things and eventually found them, and I cannot remember the date for the life of me.",Find recently uploaded old media whose capture date is forgotten,Recently uploaded; old photos/videos exist,Exact date taken,relative period; unknown exact date,unknown,unknown,other (old uploads),other,recently backed up old files,unknown,unknown,Scrolling; asked how to find recently added,timeline scrolling,found by scrolling then forgot date again,REPRESENTATION GAP,Recently added filter (commenter),5,G-recent-upload-old-timestamp,index-verified,Capture date ≠ upload date; user remembers recency of backup not when photo was taken.
E02,r/googlephotos,reddit,https://www.reddit.com/r/googlephotos/comments/1v3gsds/i_can_no_longer_search_for_photos_by_date/,2026-07-22,"I have saved photos from when my child was a baby in Google photos. I've always been able to search by date, for example ""July 2016,"" but now when I do that it says I can't search using those terms.",Find baby photos using month-year because exact day unknown,Child as baby; July 2016 period,Exact day,month; year,unknown,relationship (child),unknown,other (infancy),when child was a baby,unknown,unknown,July 2016,keyword search; date browsing,failed — AI search refused date terms,PRODUCT UNDERSTANDING,unknown; considering migrate,5,G-date-search-blocked,index-verified,User uses coarse time (month/year) as the retrieval key for a life-stage memory.
E03,r/googlephotos,reddit,https://www.reddit.com/r/googlephotos/comments/1vcu3cs/finding_specific_photo_in_a_large_album/,2026,"I'll open that Album, but I don't know how to easily find ONE particular picture that is somewhere among 1400+ pictures. I did CtrlF when I opened the Album, but it shows 0 results, and that's even for something that I literally see in the Album that I've opened.",Know which album; cannot locate one remembered photo inside 1400,Which album; visual of the photo (can see it when scrolling),Position in album,unknown,unknown,unknown,other,other,inside a named album,scene remembered enough to recognize on sight,unknown,Global search then open album; Ctrl+F,album browsing; keyword search,library search found album; in-album find failed,RECOGNITION,favorites; rename (commenters),5,G-album-needle,index-verified,Retrieval found the haystack; recognition of the needle failed.
E04,r/googlephotos,reddit,https://www.reddit.com/r/googlephotos/comments/1vcu3cs/finding_specific_photo_in_a_large_album/,2026,"Say I have an album with 500 dog pictures in it. [...] I want to group all 75 of the poodles together, but the poodle pics were taken days/weeks/months apart and are scattered all over the album [...] searching for poodles isn't working, it says there are 0 poodle pictures even though I'm looking at one at the top of the album.",Find a visual subclass (poodle) inside a large date-ordered dog album,Breed/visual class: poodle,Dates of each poodle photo,unknown (scattered over time),unknown,unknown,animal,other,inside dog album,breed appearance,unknown,poodles via Ctrl+F in album,album browsing; object search,failed (0 results while looking at a poodle),CONTEXT FRAGMENTATION,manual paging,5,G-album-needle,index-verified,Object clue and album context are not combinable inside the album UI.
E05,r/googlephotos,reddit,https://www.reddit.com/r/googlephotos/comments/1fa4fg1/what_happened_to_the_search_feature_on_the_app/,2024,"This was also extremely helpful for photos of documents or bills. All you had to do was search something like ""Progressive"" and there's the photo I took of my insuance bill.","Find photographed insurance bill by remembered brand text, not date",Brand text Progressive; that it is an insurance bill photo,Date not stated (implied not needed when OCR worked),unknown,unknown,unknown,document,other,bill/document photo,unknown,document brand name,Progressive,OCR/text search,historically succeeded; later results unrelated,REPRESENTATION GAP,turn off Ask Photos / classic search,5,G-ocr-bills,index-verified,Text-in-image is the date substitute for utility photos.
E06,r/googlephotos,reddit,https://www.reddit.com/r/googlephotos/comments/1eqbi8x/google_photos_what_people_dont_understand_in_my/,2024,I wanted to find a picture of myself and my wife sitting in front of some tulips about ... . So I just typed that description ... and found it in 2 minutes.,SUCCESS: person + scene description without relying on exact date,Self; wife; tulips; sitting in front,"Snippet implies date was fuzzy (""about"")",relative period (incomplete snippet),unknown,relationship (wife); self,other (tulips),other,with spouse in front of tulips,scene/composition,unknown,natural language description of people + tulips,natural language; person search; object search,succeeded in ~2 minutes,OTHER,none needed,4,G-success-nl-scene,index-verified,Compositional NL succeeded. Snippet truncated the time phrase.
E07,r/googlephotos,reddit,https://www.reddit.com/r/googlephotos/comments/1eqbi8x/google_photos_what_people_dont_understand_in_my/,2024,"Whenever my 'gang' is hanging out and someone says ""remember that time when we...."" and a quick Google Photo search brings up pictures of the event. It's amazing.",SUCCESS: social/episodic prompt from friends → search finds event,Event episode described conversationally by the group,Exact date implied,relative period,unknown,group,unknown,other,remember that time when we...,unknown,unknown,quick Google Photo search (query not specified),keyword search,succeeded,OTHER,none,3,G-success-nl-scene,index-verified,Success claimed but actual query string not given — moderate only.
E08,r/LifeProTips,reddit,https://www.reddit.com/r/LifeProTips/comments/14shios/lpt_you_can_search_for_your_photos_on_your_phone/,2023-07-06,"Oftentimes my wife wants ""that picture we took when we went to that place"" and I usually get it within seconds by going to Google maps > Search > Select map > Zoom on area where photo was taken. When I can't find it, it's usually because I didn't use the phone to take the picture.",SUCCESS: spouse remembers trip/place not date; map zoom retrieves,That they went to a place; a photo was taken,"Date; often exact venue name (""that place"")",unknown,trip; venue (fuzzy),partner,unknown,vacation,when we went to that place,unknown,unknown,Google Maps heat/map of photos,location search,usually succeeded in seconds; fails if not phone camera,REPRESENTATION GAP,map browsing,5,G-success-map,index-verified,Spatial memory substitutes for forgotten date. GPS must exist.
E09,r/AskUK,reddit,https://www.reddit.com/r/AskUK/comments/1j9x9r1/how_do_people_have_such_impeccable_phone_filing/,2025,"Google photos app, scroll back to the year/month I'm looking for, look through the photos. [...] usually it's easier just scrolling to the date if I know roughly when that is.",SUCCESS: approximate year/month → timeline scroll,Rough year/season,Exact day; often exact query,year; month,unknown,unknown,unknown,other,unknown,unknown,unknown,scroll to year/month,timeline scrolling; date browsing,succeeded (self-report),OTHER,manually scrolled timeline,3,G-success-timeline,index-verified,"When relative time is known, users skip search and browse."
E10,r/GooglePixel,reddit,https://www.reddit.com/r/GooglePixel/comments/1v4ngzs/why_the_hell_does_google_photos_flag_monkeys/,2026,I am searching for pics of monkeys I took it Thailand and it tells me it can't search for that??,Find animal photos from a remembered country trip,Monkeys; Thailand,Exact date not stated,unknown,country,unknown,animal,vacation,trip to Thailand,unknown,unknown,monkeys,object search; location implied,failed — policy/blocked term,OTHER,synonyms (commenters),4,G-monkey-block,index-verified,Object+country memory; product refuses the object keyword.
E11,r/GooglePixel,reddit,https://www.reddit.com/r/GooglePixel/comments/1v4ngzs/why_the_hell_does_google_photos_flag_monkeys/,2026,"Just searched Oranghutan, Gorilla, Baboon, and Monkey. None came up in my photos when I know I have pics of these guys from a recent zoo trip.",Know zoo-trip animal photos exist; species keywords return nothing,Recent zoo trip; specific primates,Exact date,relative period,venue (zoo),unknown,animal,other (zoo trip),recent zoo trip,unknown,unknown,"Orangutan, Gorilla, Baboon, Monkey",object search; trial-and-error; query reformulation,failed,OTHER,unknown,5,G-monkey-block,index-verified,Multiple reformulations; user certainty the photos exist.
E12,r/googlephotos,reddit,https://www.reddit.com/r/googlephotos/comments/1gw3uym/words_cannot_describe_how_much_i_hate_google/,2024,"If I have 100 recipes and I want ""beef ribs"" it just brings up them all and I have to open each one. Finding family members and friends is atrocious too. I can type ""Alan"" and it brings up pictures of Alex. It misses pictures I know I have of a person.",Find one recipe screenshot among many; find a named person,Recipe class; dish name beef ribs; person name Alan,Which screenshot / date,unknown,unknown,name,food; document,other,saved recipes,unknown,screenshot/recipe text,beef ribs; Alan,OCR/text search; person search,too many recipes; wrong person; misses known photos,RESULT NOISE,open each one,5,G-recipe-person-noise,index-verified,Two failures: noisy document class search and unreliable person index.
E13,r/GooglePixel,reddit,https://www.reddit.com/r/GooglePixel/comments/1qbdo8i/google_photos_removing_search_and_replacing_it/,2025-2026,"I used to be able to search 'kookaburra' and a kookaburra would show up.... Now nothing comes up at all. So instead, I 'ask' for birds... It shows me 6 photos. I have over 400 photos of birds...",Find a remembered bird species; fall back to class,Species kookaburra; large bird library exists,Date,unknown,unknown,unknown,animal,other,unknown,species appearance,unknown,kookaburra; then birds,object search; query reformulation; natural language,species: nothing; class: 6 of 400+,RANKING,double-tap Ask / classic (commenters),5,G-ask-truncation,index-verified,Class keyword used as a filter expecting a complete set.
E14,r/GooglePixel,reddit,https://www.reddit.com/r/GooglePixel/comments/1qbdo8i/google_photos_removing_search_and_replacing_it/,2025-2026,"I work with heavy plant and was asked a couple of years ago for photos of a certain suppliers machinery - I could type their name in and any photos containing that text (i.e. sign written excavators etc) would come up, now nothing!",Work request: photos of supplier machinery by painted name,Supplier name on excavators; work context,Job sites/dates,relative period (couple of years ago request),unknown,unknown,product,work event,work / heavy plant,unknown,sign,supplier name,OCR/text search,failed (used to work),REPRESENTATION GAP,unknown,5,G-ocr-bills,index-verified,In-image text was the only reliable clue.
E15,r/googlephotos,reddit,https://www.reddit.com/r/googlephotos/comments/1kucfki/google_photos_new_ai_search_sucks/,2025,"Yesterday, for example, I search for pics with the new version, and it gave me 2 pics. It did show I could click to ""see more"", but clicking on that gave a screen that said ""no more results"". I of course had MANY photos so I switched back to ""Classic Search"" and put in same word and got all the pics I was expecting, and in date order and with the date showing!",Same keyword; Ask truncates; Classic returns dated full set,Many matching photos exist; need dates to identify,Which instance (implied),unknown (uses result dates to recognize),unknown,unknown,other,other,unknown,unknown,unknown,same word in Ask then Classic,keyword search; query reformulation (mode switch),Ask failed; Classic succeeded,RANKING,classic search,5,G-ask-truncation,index-verified,Dates on a complete list are the recognition aid.
E16,r/googlephotos,reddit,https://www.reddit.com/r/googlephotos/comments/1kucfki/google_photos_new_ai_search_sucks/,2025,"When I search for ""France"" it used to give me all the photos I took in France. Now it loads for a while and then gives me a hand of it's ""Best Matches"". Not at all useful.",Retrieve a country trip without specifying dates,Country: France; photos taken there,Exact dates/cities implied,unknown,country; trip,unknown,unknown,vacation,France trip,unknown,unknown,France,location search,failed relative to expectation (few Best Matches),RANKING,classic search (thread),5,G-ask-truncation,index-verified,"Country is a filter for a trip, not a unique photo ID."
E17,r/googlephotos,reddit,https://www.reddit.com/r/googlephotos/comments/1kucfki/google_photos_new_ai_search_sucks/,2025,"Gemini can be useful if you're looking for, e.g., a picture of myself with my arms crossed, when I can't remember anything else about the photo I'm looking for.",SUCCESS: pose-only visual memory,Self; arms crossed pose,"Everything else (date, place, event)",unknown,unknown,self,unknown,other,unknown,pose; composition,unknown,picture of myself with arms crossed (paraphrase of example),natural language,claimed useful / success,OTHER,none,4,G-success-visual-nl,index-verified,Contradiction: NL helps unique visual memories.
E18,r/googlephotos,reddit,https://www.reddit.com/r/googlephotos/comments/1lklsk2/classic_search_is_gone/,2025,I tried looking for a video today and I wasn’t able to bypass the Gemini AI crap [...] I had renamed some of them with keywords to make it easier to find but it doesn’t look like that will work anymore.,Find a video using user-assigned keywords because native metadata is insufficient,Keywords they assigned,Implied: date/visual not enough,unknown,unknown,unknown,other,other,user filing system,unknown,filename/keywords,renamed keywords,keyword search,failed until Gemini off (commenters),REPRESENTATION GAP,turn off Gemini,4,G-user-labels,index-verified,Users encode memory in names when dates fail.
E19,r/googlephotos,reddit,https://www.reddit.com/r/googlephotos/comments/1lklsk2/classic_search_is_gone/,2025,"there's no option to show the results in chronological order as one continuous results gallery — it's whatever they think is most ""relevant"" in order of their defined relevancy. This makes it very hard to hunt for specific pictures or pictures from certain events or milestones, as you don't have the marker of time to help identify it.",Hunt event/milestone photos when date is not the query,Event or milestone,Exact date — time on results is the identifier,unknown,unknown,unknown,unknown,other,events or milestones,unknown,unknown,unspecified keyword in relevance ranking,keyword search,recognition difficulty,RECOGNITION,classic chronological gallery,5,G-ask-truncation,index-verified,"Time is a recognition cue, not only a query."
E20,r/googlephotos,reddit,https://www.reddit.com/r/googlephotos/comments/1ccui2v/google_photos_text_search_no_longer_working/,2024-04-25,"I used to use the search feature in the photos app to search through my screenshots for text that is in the screenshots and it would work incredibly well. [...] I take a lot of screenshots of twitter, reddit, and text messages to send to friends, and it becomes pretty much impossible to find what you're looking for without the text search feature.","Find a screenshot by remembered on-screen words, not date",Text inside screenshot; platform (twitter/reddit/messages),When screenshot was taken,unknown,unknown,unknown,document,other,screenshots to send to friends,unknown,screenshot; message,screenshot text,OCR/text search,no results,REPRESENTATION GAP,quotation marks (later commenters),5,G-ocr-screenshots,index-verified,Screenshot text is the memory; date is unused.
E21,r/googlephotos,reddit,https://www.reddit.com/r/googlephotos/comments/1v3j023/the_ai_feature_keeps_automatically_turning_on_and/,2026-07-22,"Now I cannot find my own screenshots of important data and slide images I’ve saved on my own phone. [...] No matter how I try to word it, the app keeps telling me that I can’t search medical terms or need to talk to a doctor (I am a doctor).",Physician retrieving own research screenshots by medical terms,Medical terms; slides/screenshots saved on phone,Exact filenames/dates,unknown,unknown,unknown,document,"medical episode (research, not patient ID recorded)",work/research,slide images,document,medical terms; skip AI,keyword search; query reformulation,blocked,OTHER,turn off AI (re-enables),5,G-policy-block,index-verified,Owner retrieval blocked by safety layer. No medical identifiers collected.
E22,r/googlephotos,reddit,https://www.reddit.com/r/googlephotos/comments/p55on7/helpful_hack_how_i_manually_tag_unrecognized/,2021-08-16,"I scanned all black/white photos of my great-grandmother. Most of faces were not recognized. However, I still can search her name and get all her photos now.",Old family scans remembered by relationship; faces not indexed,Great-grandmother; scanned B&W photos,Original dates; faces not detected,unknown,unknown,relationship,unknown,other,family history scans,black and white,captions added,person name after writing descriptions,person search,succeeded after caption workaround,REPRESENTATION GAP,write names in description field,5,G-faces-scans,index-verified,Social memory is strong; face index is not.
E23,r/googlephotos,reddit,https://www.reddit.com/r/googlephotos/comments/xl693t/is_there_a_way_to_search_google_photos_using_a/,2022,I have a recent photo that has something very distinct in it. I am Trying to find an older photo I have of that same item but I have so many photos I can't find it and I don't remember when I took the photo.,Have a seed photo of an object; hunt older photo of same item without date,Visual appearance of distinct object; recent photo of it,When older photo was taken,unknown,unknown,unknown,object category,other,unknown,distinctive appearance,unknown,wanted search using a photo,Google/Lens,Lens searches web; in-library similarity not default,MEMORY EXPRESSION,later Ask find more like this (comment update),5,G-visual-similarity,index-verified,Visual memory cannot be typed; date unknown.
E24,Google Photos Community,google_help_community,https://support.google.com/photos/thread/153355203/how-can-i-search-for-photos-by-text-in-the-photo?hl=en,2022-03-03,"If I go to a photo and use Lens it will highlight the text just fine, but when I search in Google Photos it does not find the picture. When I open my Samsung Gallery app I can search by text and it will find the photo. I need to be able to find memes quickly.",Find a meme/screenshot by text Lens can see,Text in the image,Date,unknown,unknown,unknown,other (meme),other,need memes quickly,unknown,screenshot,Photos search vs Lens vs Samsung Gallery,OCR/text search; Google/Lens,Photos search failed; Gallery succeeded; later user found Chase screenshot,REPRESENTATION GAP,Samsung Gallery,5,G-ocr-screenshots,index-verified,Lens ≠ library search index.
E25,Google Photos Community,google_help_community,https://support.google.com/photos/thread/348529069/you-can-now-search-for-words-within-your-photos?hl=en,2025,"Doesn't seem to work: I added a caption to a picture, then tried to search for the caption. It doesn't matter if I use one word, all three words, quotation marks or no quotation marks. At one point I cut and pasted the caption directly into the search field: still no luck.",User encoded a memory as a caption then searched it,Caption they wrote,Presumably date (why they captioned),unknown,unknown,unknown,unknown,other,user-authored label,unknown,caption,"caption words, quotes, paste",keyword search; trial-and-error,failed,REPRESENTATION GAP,unknown,4,G-user-labels,index-verified,User tried to make episodic memory searchable; index ignored it.
E26,Google Photos Community,google_help_community,https://support.google.com/photos/thread/333561993/nothing-comes-up-when-i-use-the-search-option-in-google-photos?hl=en,2025,"I tried looking up ""March"" and nothing came up, even though I have dated photos. I have people labeled too. I have asked other family members and their search works fine.",Month as temporal clue; people already labeled,Month March; labeled people,Specific photo contents,month,unknown,name (labeled),unknown,other,unknown,unknown,unknown,March; suggested searches,date browsing; person search,no results (family accounts work),OTHER,reinstall (failed); send feedback,4,G-empty-index,index-verified,"Account/index failure, not missing memory."
E27,Google Photos Community,google_help_community,https://support.google.com/photos/thread/578482/how-can-i-search-for-multiple-people?hl=en,legacy thread,"Say I search for photos with both John Doe and Jane Doe. Searching with John Doe + Jane Doe or John Doe Jane Doe [...] many photos may show only one of the persons. For example photos with only Jane but added to an album with John in the title (John's birthday party) are also found. [...] putting the names [...] between quotes "" John Doe"" AND ""Jane Doe"" [...] gave correct results.",Find photos with two remembered people together,Two people present,Date/event sometimes; query syntax,unknown,unknown,name; group,unknown,birthday (album title noise),together in one photo,unknown,unknown,John Doe Jane Doe; AND; quoted AND,person search; multiple keyword combination; query reformulation,partial then succeeded with quotes AND,QUERY FORMULATION,quoted names AND,5,G-two-people,index-verified,Useful clues exist; syntax is expert-only. Album titles create noise.
E28,Google Photos Community,google_help_community,https://support.google.com/photos/thread/197077935/adding-tag-for-a-person-on-google-photos?hl=en,2023-01-13,"I have a few photos where google hasn't recognised a face and hasn't tagged that person, which means which I search their name the photo doesn't appear.",Search by remembered person; undetected face excluded,Person is in the photo,n/a,unknown,unknown,name,unknown,other,unknown,unknown,unknown,their name,person search,failed,REPRESENTATION GAP,none in product,5,G-faces-scans,index-verified,Name search cannot retrieve undetected faces.
E29,Quora,quora,https://www.quora.com/Does-Google-Photos-allow-searching-by-text-in-images,page fetched 2026-10-06,"I was searching in “Google Drive” for the bill of my LG LED TV(that I believed I had scanned and stored in my drive). Not only did Google Drive show up the said bill, it also showed up other images (from the Google Photos folder) of bill as well as of the TV carton with LG written on it.",SUCCESS via Drive: find scanned TV bill by brand/product text,LG LED TV bill; believed scanned,Where/when in Photos vs Drive,unknown,unknown,unknown,document; product,other,scanned bill of a purchase,TV carton,document; product name LG,Google Drive keyword for the bill,OCR/text search; external search,succeeded in Drive including Photos-folder images,OTHER,searched Google Drive,5,G-ocr-bills,page-fetched,Product/text memory worked in Drive OCR even when Photos OCR was disputed by others.
E30,Quora,quora,https://www.quora.com/Does-Google-Photos-allow-searching-by-text-in-images,page fetched 2026-10-06,The new Google Photos will recognize food or animals or locations but comments or details/information on the photo does not Index in the results. If there is text in the photo it does not read the text.(OCR) Menus/receipts/background text in a photo.,Menus/receipts remembered as text not as food category,Text on menus/receipts,Dates,unknown,unknown,unknown,food; document,other,menus/receipts,unknown,document,implied text search,OCR/text search,"failed (author claim, era-dependent)",REPRESENTATION GAP,unknown,4,G-ocr-bills,page-fetched,Contradicts E05/E29 on OCR availability over time.
E31,r/googlephotos,reddit,https://www.reddit.com/r/googlephotos/comments/1tk7c8i/where_can_i_find_the_heat_map_on_desktop/,2026-05-22,I have lots of photos out in the wilderness and it's eaiser to find them on my phone with the map than it is trying to remember the date I took them. And they would not have an established names under the 'places' feature.,"Wilderness photos: spatial memory, no place name, date forgotten",Landscape/map location,Date; official place name,unknown,trip; unknown named place,unknown,unknown,vacation,wilderness,scene,unknown,Places names vs phone map,location search,map succeeds; named Places fail; desktop map missing,MEMORY EXPRESSION,phone heatmap,5,G-success-map,index-verified,Strong spatial memory is not a searchable string.
E32,r/Nexus6P,reddit,https://www.reddit.com/r/Nexus6P/comments/46t5gq/google_photos_searching_is_pretty_impressive/,2016,"Like ""burger in new York"" will only show burger pics you took there. I use it to find pictures of people in my vacation pics. Like ""Sarah in Texas""",SUCCESS: person/food + place without exact date,Food or person; city/state,Exact date,unknown,city,name,food,vacation,vacation pics,unknown,unknown,burger in new York; Sarah in Texas,multiple keyword combination; person search; location search; object search,succeeded (self-report),OTHER,none,4,G-success-combo,index-verified,Combining person/object + place works when those indexes exist.
E33,r/googlephotos,reddit,https://www.reddit.com/r/googlephotos/comments/15xs8us/search_for_all_videos_taken_at_a_location/,2023-08-22,I want to find all videos taken at my parents place (they live over 100 miles away) regardless of who is in it. I have found that I can find all videos from a select few locations. [...] I see maybe 5 locations.,Videos at parents' house; not who was there; not a listed place chip,Parents' place; >100 miles away; videos,Exact dates; people in videos,unknown,venue,"relationship (parents' house, not faces)",unknown,other,at parents' place,unknown,unknown,videos filter + location chips,location search,only some locations listed,QUERY FORMULATION,commenter: location videos query; heatmap,4,G-place-filter,index-verified,Place remembered as 'parents' house' not as a Maps name.
E34,xix.ai user test,article,https://xix.ai/ainews/google-photos-ai-search-falls-short-3-fixes-improve.html,2025-04-17,"I searched for ""photos of me as a baby."" The response? ""I didn't find any photos of you as a baby, but I might have missed them!"" However, when I switched to the classic search and typed ""baby photos,"" it instantly showed me all the baby pictures in my library, including the ones I was looking for.",Self + life stage without years,Self as a baby,Years of infancy,relative period,unknown,self,unknown,other,infancy,baby appearance,unknown,photos of me as a baby vs baby photos,natural language; keyword search,NL failed; keyword succeeded,PRODUCT UNDERSTANDING,classic shorter keyword,5,G-nl-vs-noun,page-fetched,Memory expressed as English; index wanted a noun.
E35,xix.ai user test,article,https://xix.ai/ainews/google-photos-ai-search-falls-short-3-fixes-improve.html,2025-04-17,"I searched for ""Me in a red dress,"" and after a delay, Ask Photos mistakenly thought I was looking for baby pictures again. It then showed me photos of anyone in a red dress, not just me. Meanwhile, the classic search quickly displayed photos of me in red dresses over the years, with my photos prioritized at the top.",Self + clothing color without year,Self; red dress,Year,unknown,unknown,self,other (clothing),other,unknown,color; clothing,unknown,Me in a red dress,natural language; person search,Ask failed binding; Classic succeeded,PRODUCT UNDERSTANDING,classic search,5,G-nl-vs-noun,page-fetched,Person+visual attribute NL misbound entities.
E36,xix.ai user test,article,https://xix.ai/ainews/google-photos-ai-search-falls-short-3-fixes-improve.html,2025-04-17,"when I asked it to show me pictures of my Corgi, it not only pulled up all the relevant photos but also mentioned his name and activities. Similarly, it successfully displayed many of the homemade meals I've cooked over the years",SUCCESS: named pet and cooking episodes without dates,Corgi; homemade meals over years,Specific dates,relative period (over the years),unknown,unknown,animal; food,other,cooking at home,unknown,unknown,pictures of my Corgi; food I made,natural language,succeeded,OTHER,none,4,G-success-visual-nl,page-fetched,NL succeeds for unique pet identity and food episodes.
E37,r/GooglePixel,reddit,https://www.reddit.com/r/GooglePixel/comments/1qbdo8i/google_photos_removing_search_and_replacing_it/,2025-2026,"For example, searching for things like ""couple's Halloween costume"" or ""foggy outdoors ... "" or ""cat in living room"" or ""me doing ...",SUCCESS (claimed): complex scene queries vs failure on singular nouns,Scene composition; event; pet location,Exact date,unknown,venue (living room),group (couple),animal,other (Halloween),Halloween costume,scene; clothing,unknown,couple's Halloween costume; cat in living room,natural language,claimed better than bird/kookaburra nouns,OTHER,keep Ask for complex terms,4,G-success-visual-nl,index-verified,"Same product: NL helps unique scenes, hurts class nouns."
E38,r/googlephotos,reddit,https://www.reddit.com/r/googlephotos/comments/1odf8kp/google_photos_randomly_stopped_recognizing_faces/,2025,"I have a group for my daughter, as I have for many years. Google Photos continues to recognize her in new pictures and add them to her face grouping ""album."" However, searching by her name does not work. When I type her name but don't hit enter, the quick results show her face group [...] But if I hit enter I see the ""No Results"" page.",Search remembered daughter by name; face group exists but search empty,Daughter; face group exists,Which photos / dates,unknown,unknown,relationship; name,unknown,other,unknown,unknown,unknown,daughter's name Enter vs suggestions,person search,suggestions work; committed search empty,PRODUCT UNDERSTANDING,use suggestion chip without Enter,5,G-faces-scans,index-verified,Person memory is indexed in UI chips but not in the search results page.
E39,r/googlephotos,reddit,https://www.reddit.com/r/googlephotos/comments/1muyer0/is_there_a_way_to_manually_tag_facespeoplepets/,2025-08-19,"even more annoying are the collections of a person that are completely nonsensicle, some have my dad, some have my cat, some have me, all tagged as the same person? i've worked out how to tell it its WRONG but then its just untagged, and i dont know how to add it to the correct person",Retrieve photos of dad; identity clusters merge people and cat,Who should be in the photo (dad vs cat vs self),How the system grouped them,unknown,unknown,relationship,animal,other,family,appearance,unknown,People collections,person search,wrong groups; cannot reassign,REPRESENTATION GAP,untag only,4,G-faces-scans,index-verified,Person memory accurate; index identity is not.
E40,Android Authority,article,https://www.androidauthority.com/google-photos-search-not-working-properly-3673218/,2026-06-01,"Need a photo of your dog from three years ago? Type “dog.” Looking for a screenshot of your boarding pass? Search for “boarding pass.” In most cases, Google Photos would surface the right images almost instantly.",Relative-time pet photo; boarding-pass screenshot by document type,Dog; ~3 years; boarding pass screenshot,Exact date,relative period,unknown,unknown,animal; document,vacation (boarding pass),travel document,unknown,document,dog; boarding pass,object search; OCR/text search,used to succeed; journalist reports later Gemini interference,PRODUCT UNDERSTANDING,disable Ask Photos,3,G-journalist-archetype,page-fetched,Journalist example of common jobs — not a single user's incident log. Lower strength.
E41,r/googlephotos,reddit,https://www.reddit.com/r/googlephotos/comments/167sr0n/google_photos_search_not_recognizing_text_as_well/,2023-09-02,"I've found that recently I'm having less success retrieving photos when searching for certain written text within the photo. [...] It was very useful for retrieving photos of old documents, text screenshots, etc by keyword.",Retrieve old documents/screenshots by remembered written text,Written text in photo,Date,unknown,unknown,unknown,document,other,old documents,unknown,document; screenshot,certain written text,OCR/text search,weaker than before,REPRESENTATION GAP,quotes (later comment),4,G-ocr-screenshots,index-verified,Same pattern as E20.
E42,Android Central Forum,forum,https://forums.androidcentral.com/threads/cant-find-old-google-photo-file.1015753/,forum thread,"For years, through several phone changes a large photo file was stored in Google Photos. [...] The weird thing about the file, it was always hard to locate but now it's so damn hard I can't find it at all.",Old collection always hard to locate; now unfindable,A large old photo file/collection exists across phones,How/where to locate it; contents unspecified,relative period (years),unknown,unknown,unknown,other,followed across phone changes,unknown,unknown,unspecified,other,failed,REFINEMENT,unknown,2,G-vague-lost-file,index-verified,Believes it exists but gives almost no memory clues — weak episode.
E43,r/googlephotos,reddit,https://www.reddit.com/r/googlephotos/comments/1vuqwxl/locked_folder_disappeared/,2026-08-21,"Today I tried to look up my locked folder from inside Photos search, and I wasn't able to find it. [...] My locked folder contained many private and critical documents.",Critical documents remembered as Locked Folder contents,Documents in Locked Folder,New UI location,unknown,unknown,unknown,document,other,locked/private documents,unknown,document,Photos search for locked folder,keyword search,failed (Locked excluded from search by design),OTHER,Collections → Locked (commenter),4,G-vault,index-verified,Corpus fragmentation looks like search failure.
E44,r/GooglePixel,reddit,https://www.reddit.com/r/GooglePixel/comments/cu8o6f/google_photos_now_lets_you_search_for_text_in/,2019,I always search for pics of receipts by name and has been finding them by the text in them for years now.,SUCCESS: receipts by merchant/name text,Receipt; name/text on it,Date implied,unknown,unknown,unknown,document,other,receipts,unknown,document,receipt name,OCR/text search,succeeded for years,OTHER,none,4,G-ocr-bills,index-verified,Successful vague utility retrieval via OCR.
E45,r/googlephotos,reddit,https://www.reddit.com/r/googlephotos/comments/1eqbi8x/google_photos_what_people_dont_understand_in_my/,2024,The search is the number one reason I store in google photos. It’s also really helpful for finding an obscure screenshot since it can make text readable and find it for you.,SUCCESS: obscure screenshot via OCR,Something in screenshot text,Date/filename,unknown,unknown,unknown,document,other,obscure screenshot,unknown,screenshot,unspecified text,OCR/text search,succeeded (claimed),OTHER,none,3,G-ocr-screenshots,index-verified,Success without quoting the query.
E46,r/googlephotos,reddit,https://www.reddit.com/r/googlephotos/comments/1kucfki/google_photos_new_ai_search_sucks/,2025,It can not differentiate between different varieties of fruit that I have tagged and marked with my own descriptions. [...] I had all the things i needed in my photos labeled for my own use and now I can't find anything,Visually similar fruit distinguished only by user labels,Custom descriptions of fruit varieties,Dates; visual model distinctions,unknown,unknown,unknown,food,other,personal labeling system,varieties look similar,caption,own descriptions,keyword search,failed,REPRESENTATION GAP,want description search restored,4,G-user-labels,index-verified,Visual memory insufficient; user text was the index.
E47,Google Photos Community,google_help_community,https://support.google.com/photos/thread/116110/how-do-i-link-up-to-people-i-am-looking-for?hl=en,2018-05-03,Put there name but can not be found,Search a person by name,Person's name,That a face label is required,unknown,unknown,name,unknown,other,unknown,unknown,unknown,their name,person search,failed,QUERY FORMULATION,label a face (community reply),3,G-faces-scans,index-verified,Name remembered; labeling workflow unknown.
E48,r/Nexus6P,reddit,https://www.reddit.com/r/Nexus6P/comments/46t5gq/google_photos_searching_is_pretty_impressive/,2016,"I've just searched for ""Canary Wharf"" as I took some pictures there, and it did find them.",SUCCESS: landmark/place name without date,Canary Wharf; took pictures there,Date not mentioned,unknown,landmark,unknown,unknown,other,visited Canary Wharf,unknown,unknown,Canary Wharf,location search,succeeded,OTHER,none,4,G-success-combo,index-verified,Named landmark is a strong substitute for date.
E49,r/googlephotos,reddit,https://www.reddit.com/r/googlephotos/comments/1kucfki/google_photos_new_ai_search_sucks/,2025,"Doesn't work so great if your search string is ""dogs"" and you're expecting it to return a list in reverse chronological order like you'd expect with normal search.",Broad object class used as a dated scan because specific photo is forgotten,Dogs as subject,Which dog photo / which date,unknown (expects chronology to identify),unknown,unknown,animal,other,unknown,unknown,unknown,dogs,object search,relevance sort; cannot use time as recognition cue,RECOGNITION,prompt reverse chronological / classic,5,G-ask-truncation,index-verified,"Class search is a recognition funnel, not a unique-photo query."
E50,r/googlephotos,reddit,https://www.reddit.com/r/googlephotos/comments/1fa4fg1/what_happened_to_the_search_feature_on_the_app/,2024,"You could search ""banana"" and any photo, screenshot, etc with a banana in it would show up [...] Search results are giving me photos that have nothing to do with the search term.",Object or OCR mixed search; later results unrelated,Object name banana (photo or text),Which photos contain it,unknown,unknown,unknown,food,other,unknown,object appearance,screenshot possible,banana,object search; OCR/text search,unrelated results,RESULT NOISE,classic via Ask,4,G-ocr-bills,index-verified,Same keyword used for visual object and text; ranking mixed both badly later.
E51,r/googlephotos,reddit,https://www.reddit.com/r/googlephotos/comments/xl693t/is_there_a_way_to_search_google_photos_using_a/,2022,"It's such an old Polaroid of me and my siblings, that it's search engine isn't even identifying any of our faces.",Old Polaroid of siblings; faces not identified so person search fails,Siblings; Polaroid; old photo,Date,relative period (old),unknown,relationship; group,unknown,other,family analog photo,Polaroid appearance,unknown,person search / Lens,person search; Google/Lens,faces not identified,REPRESENTATION GAP,external image-to-image tools,5,G-faces-scans,index-verified,Social memory of siblings is unusable without face detection.
E52,r/googlephotos,reddit,https://www.reddit.com/r/googlephotos/comments/1vj25te/anyone_else_notice_they_ruined_the_app/,2026-08,If I try to search my photos by location now it just pulls me photos from all sorts of places. Nothing related and not even connected to the term/location I searched for.,Remembered location keyword returns unrelated places,A location term,Which photos belong there / dates,unknown,city or place name,unknown,unknown,other,location-based retrieval,unknown,unknown,location keyword,location search,unrelated places,PRODUCT UNDERSTANDING,deactivate AI; try in London (commenters),4,G-place-mismatch,index-verified,Place memory exists as a string; results ignore it.
E53,Google Photos Community,google_help_community,https://support.google.com/photos/thread/358700340/can-t-see-some-of-my-old-backed-up-photos?hl=en,2025,"I had backed up thousands of photos to Google Photos a few years ago, but now I can’t find many of them when I search.",Know library was backed up years ago; search misses many,Thousands of photos backed up a few years ago,"Where they live (archive, Drive, account)",relative period (a few years ago),unknown,unknown,unknown,other,old backup,unknown,unknown,search (unspecified),keyword search,many not found,OTHER,"check Archive, Drive, Trash (community)",3,G-empty-index,index-verified,Existence memory without content clues; may be corpus not query.
E54,r/googlephotos,reddit,https://www.reddit.com/r/googlephotos/comments/1urtxxp/facial_recognition_still_is_the_worst/,2026,"I have 110,000 photos from 2000 to present, plus some scanned photos from the 70s [...] It matches me to scanned, damaged photos around 1980 when I was just a toddler.",SUCCESS: person retrieval across decades including damaged scans,Self across decades; toddler ~1980; damaged scans,n/a for success,year (around 1980); relative period,unknown,self; appearance,unknown,other,scanned family archive,appearance across age,unknown,face match,person search,succeeded,OTHER,none,5,G-faces-scans,index-verified,Contradicts Polaroid/undetected-face failures; some scans match well.
E55,r/googlephotos,reddit,https://www.reddit.com/r/googlephotos/comments/1urtxxp/facial_recognition_still_is_the_worst/,2026,Mine picked up my Mrs and myself before and after losing weight as 4 distinct people and the newer photos weren't recognised.,Same people after appearance change split into multiple identities,Spouse and self across weight change,That the system treats them as four people,sequence (before/after),unknown,relationship; appearance,unknown,other,appearance change,appearance,unknown,face groups,person search,split identities; newer unrecognized,REPRESENTATION GAP,turn face recognition off/on,4,G-faces-scans,index-verified,Person memory is continuous; index is not.
E56,r/googlephotos,reddit,https://www.reddit.com/r/googlephotos/comments/15lq3ml/modified_dates_not_recognized/,2023,I’m scanning negative black and white pictures from film [...] the uploaded photos get sorted as new today.,User remembers film era; timeline places scans as today,True capture era of negatives,n/a; metadata wrong,unknown exact date; era known,unknown,unknown,unknown,other,film scanning,black and white,unknown,timeline / date browse,date browsing; timeline scrolling,wrong bucket (today),REPRESENTATION GAP,Exiftool/Picasa Date Taken before upload,4,G-wrong-time,index-verified,Time memory is correct; file time is not searchable truth.
E57,r/googlephotos,reddit,https://www.reddit.com/r/googlephotos/comments/ll1plt/location_data_on_photos/,2021,I took some photos last year whilst travelling and didn't have location tags turned on [...] I want to manually add location data to these pics.,Travel photos remembered as last year + trip; GPS off so Places search fails,Travelling last year,Embedded location,relative period (last year),trip,unknown,unknown,vacation,whilst travelling,unknown,unknown,manual location add,location search,cannot search Places without tags,REPRESENTATION GAP,manually add locations; Geosetter re-upload,4,G-place-mismatch,index-verified,Episodic travel memory exists; GPS representation does not.
E58,Google Photos Community,google_help_community,https://support.google.com/photos/thread/5343478/google-photos-web-world-map-view?hl=en,legacy,"I want to open a map, go to a location, and see the photos I took there. Or open photos, go to photo, find the location of that photo, and find other photos I took there.",Map-first retrieval when date is not the clue,Location visited,Date,unknown,city or place,unknown,unknown,vacation,photos I took there,unknown,unknown,map-first retrieval,location search,feature missing/inconsistent on web,MEMORY EXPRESSION,Google Maps Your Places (community),4,G-success-map,index-verified,"User naturally retrieves by place on a map, not by a place-name string."
E59,The Verge,article,https://www.theverge.com/how-to/758206/bring-back-google-photos-classic-search-instead-of-gemini,2025-08-12,"If your Google Photos library also includes your spouse’s photos, like me, and they have a different phone, you can find your own photos by searching for the exact name of your phone’s camera.",SUCCESS workaround: mixed partner library; remember whose device took it,Own vs spouse photos; device,Date/content uniqueness,unknown,unknown,relationship (spouse library),other (camera model),other,partner sharing,unknown,camera model string,exact camera model from Details,keyword search,claimed success as filter,CONTEXT FRAGMENTATION,search camera model string,4,G-partner-library,page-fetched,Social/device clue is a proxy when content memory is shared.
E60,Android Authority,article,https://www.androidauthority.com/google-photos-new-ask-photos-search-hands-on-3571895/,2025-06,"Tapping “View more” displays additional pictures of my dog, but they’re in a randomized order that I have no control over.",Pet retrieval; extra results lose chronological recognition,Own dog,Which instance / date,unknown,unknown,unknown,animal,other,pet library,unknown,unknown,Dog in Ask Photos,object search,limited then unordered,RECOGNITION,classic search,4,G-ask-truncation,index-verified,Same as E49: time order is the recognition aid.
E61,The Verge,article,https://www.theverge.com/how-to/621623/photos-google-search-how-to,2025-03,"the AI hasn't yet progressed to the stage where it can easily cope with two of these searches together [...] You can’t find “cats and dogs,” but you can find either “cats” or “dogs”",Remember two objects in one scene,Cats and dogs together,Date,unknown,unknown,unknown,animal,other,multi-object scene,composition,unknown,cats and dogs,multiple keyword combination; object search,cannot combine,CONTEXT FRAGMENTATION,separate searches,3,G-combo-fail,index-verified,Contradicts E32 (burger in NY / Sarah in Texas) depending on era/query type.
E62,The Verge,article,https://www.theverge.com/how-to/621623/photos-google-search-how-to,2025-03,sometimes Google Photos will not recognize that there is a face in a photo — and there isn’t currently a way to let it know that there is someone else in the photo you want to name.,Remember a person is in the photo; cannot attach a name if undetected,Person in photo,n/a,unknown,unknown,name,unknown,other,unknown,face present,unknown,manual face add,person search,no way to name missed face,REPRESENTATION GAP,none in product,4,G-faces-scans,index-verified,Same as E28: person memory cannot enter the index.
E63,r/SideProject,reddit,https://www.reddit.com/r/SideProject/comments/1vvw4oq/does_this_problem_actually_exist_or_do_people/,2026,Warranties live in a photo from 2024. Photos search can find “receipt” sometimes. It never finds “the thing I still need to do before Thursday.”,Warranty photo exists; remembered as pending task not as receipt class,Photographed a warranty/receipt in 2024; still need to act,Merchant filename; which receipt among many,year (2024),unknown,unknown,document,other,the thing I still need to do,unknown,document,receipt,OCR/text search; object search,finds class not the pending item,MEMORY EXPRESSION,none reliable,4,G-ocr-bills,index-verified,Intent/context memory is not a searchable attribute. Year is known but insufficient.
E64,r/Android,reddit,https://www.reddit.com/r/Android/comments/66q8g6/thank_you_google_photos/,2017,"My own probably unknown feature of Google Photos is being able to search for photos using the post code. [...] Using Photos on the desktop, i search for the postcode of the property and it usually just shows me photos from that visit","SUCCESS: work visits retrieved by postcode, not date",Postcode of property visit; photos taken there,Exact date of each visit among many weekly visits,unknown,neighborhood (postcode),unknown,unknown,work event,property visit for work,unknown,unknown,postcode,location search,usually succeeded,OTHER,none,5,G-success-map,index-verified,"Work memory is address/postcode, not calendar date."
E65,Google Photos Community,google_help_community,https://support.google.com/photos/thread/1261014/how-to-rename-photos?hl=en,legacy,I take pics of receipts I want to keep and easily find them all the time. It's no more work than renaming it. Searching is easy.,SUCCESS: receipts found via description text the user added,That they photographed receipts; description they wrote,Date/filename,unknown,unknown,unknown,document,other,receipts to keep,unknown,caption,description search,keyword search; OCR/text search,succeeded (self-report),OTHER,write description instead of rename,4,G-user-labels,index-verified,Contradicts later caption-search failures (E25). Index of descriptions appears era-dependent.
E66,Google Photos Community,google_help_community,https://support.google.com/photos/thread/226221/how-do-i-search-for-an-image-in-google-photos-that-is-similar-not-identical-to-another-image?hl=en,legacy,"I need to search for photos in Google Photos by an image on local device. I have 8000 [...] on GP and I want [...] 300+, unfortunately, I can't seem to search by [...] local date on my [...] !",Have a local seed image; large library; local date not helping,A similar image exists locally; large GP library,How to map local image to cloud copies; dates messy,unknown,unknown,unknown,object category,other,local vs cloud copies,similar not identical,unknown,search by image on local device,Google/Lens,failed,MEMORY EXPRESSION,description tags (laborious),3,G-visual-similarity,index-verified,Snippet truncated; same visual-seed pattern as E23.
E67,r/googlephotos,reddit,https://www.reddit.com/r/googlephotos/comments/1vx3rx3/photo_recovery/,2026-08-24,"Somehow, all photos taken in the year 2019 have disappeared [...] that year is special for me as I took a great road trip with my parents. [...] I know at one point the photos were on Google photos because I have a screenshot of the album with them",Remember a 2019 parents road trip; camera photos missing; screenshot of album remains,Year 2019; road trip with parents; album existed,What happened to camera originals,year,trip,relationship (parents),unknown,vacation,road trip with parents,unknown,screenshot of album,Google Photos; old phones; WhatsApp/screenshots from period still found,date browsing; searched another device,screenshots/messages found; camera photos not,OTHER,checked old phones; recovery request,4,G-missing-year,index-verified,"Strong episodic memory (year+people+trip). Failure may be deletion/sync, not query. Included because retrieval attempt used those clues."
E68,Apple App Store (US reviews page),app_store,https://apps.apple.com/us/app/google-photos-backup-edit/id962194608?see-all=reviews,review snippet in search index,I would also like to be able to put location information on individual pictures since many of my pics don't have location data on them. This is importance since most of the time I search up pictures by location,Habitual location search fails when GPS missing,Location of photos,Date implied; location not on file,unknown,city or trip,unknown,unknown,other,search by location,unknown,unknown,search by location,location search,frustrated; cannot add location data,REPRESENTATION GAP,none available in review,4,G-place-mismatch,index-verified,Confirms travel/location as primary memory when date is unused.
E69,Apple App Store (NZ reviews page),app_store,https://apps.apple.com/nz/app/google-photos-backup-edit/id962194608?platform=iphone&see-all=reviews,review snippet in search index,"They are very easy to find due to the way you can scroll through the “time line” as well as being able to find pictures by searching key words such as “ ... ”, “shopping”, “Milan” etc... I even found a picture back from 2010!",SUCCESS: keyword (shopping/Milan) plus timeline; retrieved a 2010 photo,Activity shopping; city Milan; or timeline era,Snippet does not state what was forgotten; 2010 photo found,year (2010 found),city (Milan),unknown,other (shopping),vacation,shopping / Milan,unknown,unknown,shopping; Milan; timeline scroll,keyword search; location search; timeline scrolling,succeeded including 2010 photo,OTHER,none,3,G-success-combo,index-verified,Success with named city + activity; first keyword redacted in snippet.
E70,PCMag,article,https://www.pcmag.com/reviews/google-photos-for-android,review (ongoing),"Searches for ""dog"" returned dogs, along with cats, goats, pigs, and wooden ducks.",Object search returns visually similar animals/objects,Dog,n/a,unknown,unknown,unknown,animal,other,unknown,unknown,unknown,dog,object search,noisy similar animals/objects,RESULT NOISE,none in review,3,G-ask-truncation,index-verified,"If user seeks a specific dog photo, noise raises recognition cost."
E71,Google Photos Community,google_help_community,https://support.google.com/photos/thread/153355203/how-can-i-search-for-photos-by-text-in-the-photo?hl=en,2022-03-03,"I searched for the text ""Chase"". The photos app displayed a screenshot I captured on Jan 7, containing the locations of the Chase bank.",SUCCESS: screenshot of bank locations found by brand text,Text Chase; screenshot,Date not required for the search (date was on result),unknown at query time,venue (Chase bank locations in screenshot),unknown,document,other,screenshot of bank locations,unknown,screenshot; brand name,Chase,OCR/text search,succeeded,OTHER,none,5,G-ocr-screenshots,index-verified,Same thread as E24: OCR can succeed for another user/account.
E72,r/GooglePixel,reddit,https://www.reddit.com/r/GooglePixel/comments/1fk9ol5/exhausted_apple_user_needs_advice/,2024,"The screenshot app is awesome, because I can tag screenshots and be able to ask AI later about them. For example, ""Hey Gemini, what's my license plate # again?"" and if I screenshoted my license plate it would pop up.",SUCCESS (claimed): screenshot of license plate retrieved by asking Gemini,That a license-plate screenshot exists,The plate number itself; date of screenshot,unknown,unknown,unknown,document,other,need the number again,unknown,screenshot,"Hey Gemini, what's my license plate # again?",natural language; OCR/text search,claimed success if screenshot exists,OTHER,Pixel screenshot tagging,3,G-ocr-screenshots,index-verified,"Utility screenshot retrieval by need, not date. Hypothetical phrasing lowers strength. No plate number recorded."
